<?xml version="1.0" encoding="UTF-8"?>
<beans xmlns="http://www.springframework.org/schema/beans"
     xmlns:xsi="http://www.w3.org/2001/XMLSchema-instance"
     xmlns:mvc="http://www.springframework.org/schema/mvc"
     xmlns:context="http://www.springframework.org/schema/context"
     xsi:schemaLocation="http://www.springframework.org/schema/mvc  http://www.springframework.org/schema/mvc/spring-mvc-3.0.xsd
     http://www.springframework.org/schema/beans http://www.springframework.org/schema/beans/spring-beans-3.0.xsd
     http://www.springframework.org/schema/context http://www.springframework.org/schema/context/spring-context-3.0.xsd">

    <!-- Scans within the base package of the application for @Components to configure as beans -->
  	<!-- @Controller, @Service, @Configuration, etc. -->
   <context:component-scan base-package="in.arun.springmvc" />

    <!-- mapping for static resources like css,js file location  -->
   <mvc:resources mapping="/assets/**" location="/assets/" />

   <!-- Enables the Spring MVC @Controller programming model -->
   <mvc:annotation-driven />
   
   
   <!-- Resolve logical view names to .jsp resources in the /WEB-INF/views directory -->
   <bean class="org.springframework.web.servlet.view.InternalResourceViewResolver">
		<property name="prefix" value="/WEB-INF/views/" />
		<property name="suffix" value=".jsp" />
	</bean>
  
  <!-- Resource Bundles related Configuration -->
  
   <bean id="messageSource" class="org.springframework.context.support.ResourceBundleMessageSource">
        <property name="basename" value="messages" />
   </bean>
  
  <!-- Spring internationalization configuration  -->
  <bean id="localeResolver" class="org.springframework.web.servlet.i18n.SessionLocaleResolver">
    <property name="defaultLocale" value="en" />
  </bean>
	
  <mvc:interceptors>
    <bean id="localeChangeInterceptor" class="org.springframework.web.servlet.i18n.LocaleChangeInterceptor">
        <property name="paramName" value="lang" />
    </bean>
  </mvc:interceptors>
   
   
</beans>